City_ID,City,Lat,Lng,Max Temp,Humidity,Cloudiness,Wind Speed,Country,Date
0,fale old settlement,-9.3852,-171.2468,29.16,76,11,6.11,TK,1683610393
1,luebo,-5.35,21.4167,23.41,81,90,0.81,CD,1683610393
2,enewetak,11.3474,162.3373,27.47,82,100,7.19,MH,1683610393
3,berezovyy,51.6667,135.7,11.14,55,97,6.09,RU,1683610393
4,college,64.8569,-147.8028,12.18,33,40,4.63,US,1683610394
5,magadan,59.5667,150.8,9.74,66,83,1.26,RU,1683610394
6,albany,42.6001,-73.9662,9.7,68,81,1.99,US,1683610394
7,iqaluit,63.7506,-68.5145,-8.15,86,75,6.17,CA,1683610394
8,waitangi,-43.9535,-176.5597,15.46,93,96,4.47,NZ,1683610394
9,bethel,41.3712,-73.414,15.2,50,0,3.09,US,1683610395
10,caleta de carquin,-11.0925,-77.6267,21.83,87,73,4.76,PE,1683610395
11,port-aux-francais,-49.35,70.2167,6.6,99,93,7.46,TF,1683610396
12,daru,-9.0763,143.2092,25.79,92,100,6.45,PG,1683610396
13,salamanca,40.8333,-6.0,12.08,95,100,2.29,ES,1683610396
14,kibungo,-2.1597,30.5427,18.51,86,70,1.38,RW,1683610397
15,zaozersk,69.4005,32.4476,0.98,100,100,1.27,RU,1683610397
16,qaqortoq,60.7167,-46.0333,-0.17,97,100,2.69,GL,1683610398
17,port hedland,-20.3167,118.5667,32.03,15,0,5.66,AU,1683610398
18,mont-laurier,46.5501,-75.4993,2.79,56,6,1.36,CA,1683610398
19,ristiina,61.5058,27.2464,10.06,42,88,3.89,FI,1683610399
20,queenstown,-31.8976,26.8753,14.51,60,4,1.57,ZA,1683610399
21,correntina,-13.3433,-44.6367,22.44,61,86,1.27,BR,1683610399
22,makubetsu,45.3714,141.8211,11.84,47,20,9.26,JP,1683610399
23,palopo,-2.9996,120.1921,29.66,91,100,1.14,ID,1683610400
24,coquimbo,-29.9533,-71.3436,9.85,100,75,1.03,CL,1683609880
25,balancan,17.8,-91.5333,29.18,48,0,4.1,MX,1683610400
26,udachny,66.4167,112.4,5.25,69,100,10.0,RU,1683610400
27,vorgashor,67.5833,63.95,-0.22,100,100,5.4,RU,1683610401
28,margaret river,-33.95,115.0667,20.83,70,27,5.8,AU,1683610401
29,kavaratti,10.5669,72.642,29.3,62,98,4.3,IN,1683610401
30,puerto natales,-51.7236,-72.4875,2.44,93,13,1.55,CL,1683610402
31,upington,-28.4478,21.2561,10.21,50,0,1.54,ZA,1683610402
32,aasiaat,68.7098,-52.8699,-5.05,85,100,3.3,GL,1683609843
33,muisne,0.6,-80.0333,26.37,88,67,2.25,EC,1683610402
34,ghormach,35.7306,63.7826,26.7,16,0,1.0,AF,1683610403
35,ribeira grande,38.5167,-28.7,16.54,95,100,1.34,PT,1683610403
36,doka,13.5167,35.7667,33.35,14,16,6.63,SD,1683610403
37,mutum biyu,8.6333,10.7667,28.82,59,99,2.88,NG,1683610403
38,hermanus,-34.4187,19.2345,12.67,90,50,2.24,ZA,1683610404
39,aguada de pasajeros,22.385,-80.8508,23.51,83,11,3.02,CU,1683610404
40,flying fish cove,-10.4217,105.6791,29.82,79,75,5.14,CX,1683609834
41,tual,-5.6667,132.75,28.49,78,100,6.85,ID,1683610404
42,grytviken,-54.2811,-36.5092,-0.64,76,15,0.47,GS,1683610405
43,san luis de la loma,17.2706,-100.8939,27.59,69,13,1.63,MX,1683610405
44,roma,43.2128,-75.4557,7.71,84,0,2.06,US,1683609939
45,carnarvon,-24.8667,113.6333,24.2,68,30,4.94,AU,1683610406
46,tbeng meanchey,13.8167,104.9667,37.48,38,48,2.51,KH,1683610406
47,slave lake,55.2834,-114.769,11.99,76,100,1.03,CA,1683610263
48,tiksi,71.6872,128.8694,-4.55,71,90,8.67,RU,1683610406
49,bishops waltham,50.95,-1.2167,13.06,69,100,1.03,GB,1683610407
50,khandyga,62.6667,135.6,3.78,38,61,0.58,RU,1683610407
51,invercargill,-46.4,168.35,8.34,95,100,1.34,NZ,1683610271
52,port mathurin,-19.6833,63.4167,25.44,76,52,9.16,MU,1683610408
53,edinburgh of the seven seas,-37.0676,-12.3116,14.77,75,59,8.89,SH,1683610408
54,sitka,57.0531,-135.33,8.94,66,0,2.57,US,1683609820
55,castillos,-34.1667,-53.8333,11.55,84,0,3.48,UY,1683609832
56,puerto baquerizo moreno,-0.9,-89.6,26.19,89,37,3.76,EC,1683609746
57,hawaiian paradise park,19.5933,-154.9731,23.73,86,0,0.0,US,1683610409
58,adamstown,-25.066,-130.1015,21.89,52,100,4.46,PN,1683610409
59,saipan,15.1355,145.701,31.39,100,20,5.36,MP,1683610409
60,borogontsy,62.6683,131.1683,2.87,30,2,2.32,RU,1683610410
61,whitehorse,60.7161,-135.0538,7.43,37,75,3.6,CA,1683610270
62,howrah,22.5892,88.3103,35.0,55,75,1.54,IN,1683610410
63,kodiak,57.79,-152.4072,2.73,93,100,12.35,US,1683610411
64,papatowai,-46.5619,169.4708,10.28,92,100,4.52,NZ,1683610411
65,petropavlovsk-kamchatsky,53.0452,158.6483,2.33,75,75,4.0,RU,1683610233
66,mahibadhoo,3.7833,72.9667,28.7,76,83,5.48,MV,1683610412
67,wailua homesteads,22.0669,-159.378,26.24,81,40,7.72,US,1683610412
68,port alfred,-33.5906,26.891,17.6,86,22,4.01,ZA,1683610412
69,west island,-12.1568,96.8225,29.99,74,75,4.12,CC,1683610413
70,talnakh,69.4865,88.3972,-9.33,89,100,7.26,RU,1683610413
71,olonkinbyen,70.9221,-8.7187,1.65,100,100,2.54,SJ,1683610413
72,avarua,-21.2078,-159.775,24.03,94,100,7.2,CK,1683610414
73,djambala,-2.5447,14.7533,20.64,91,98,0.83,CG,1683609826
74,punta arenas,-53.15,-70.9167,5.06,65,0,8.75,CL,1683610414
75,ushuaia,-54.8,-68.3,4.81,81,40,8.75,AR,1683610414
76,blackmans bay,-43.0167,147.3167,13.18,66,82,2.52,AU,1683610415
77,prienai,54.6333,23.95,10.15,60,3,2.62,LT,1683610415
78,prince rupert,54.3161,-130.3201,8.83,87,0,4.63,CA,1683610247
79,minas de marcona,-15.2119,-75.1103,18.02,75,0,0.55,PE,1683610416
80,belmonte,-15.8631,-38.8828,23.72,89,18,2.11,BR,1683610308
81,camiri,-20.05,-63.5167,12.78,96,100,0.67,BO,1683610416
82,uturoa,-16.7333,-151.4333,27.91,74,82,2.76,PF,1683610416
83,crane,31.3974,-102.3501,24.94,38,0,4.64,US,1683610417
84,bilibino,68.0546,166.4372,-0.39,87,100,2.42,RU,1683610417
85,saint croix,17.7397,-64.7388,24.98,88,0,2.06,VI,1683610417
86,anna regina,7.2644,-58.5077,23.87,96,100,1.87,GY,1683610417
87,constantia,44.1833,28.65,11.5,88,100,7.24,RO,1683610167
88,longyearbyen,78.2186,15.6401,-2.09,86,75,2.57,SJ,1683610417
89,saint-pierre,-21.3393,55.4781,26.98,69,0,6.69,RE,1683610418
90,tirumullaivasal,11.2333,79.8333,34.73,49,57,1.05,IN,1683610418
91,stanley,54.868,-1.6985,11.27,94,40,2.57,GB,1683610418
92,semnan,35.5729,53.3971,29.1,11,91,7.54,IR,1683610418
93,laguna,38.421,-121.4238,15.22,67,0,2.57,US,1683610419
94,alofi,-19.0595,-169.9187,25.94,83,33,1.54,NU,1683610419
95,mizhhirya,48.5246,23.5056,7.15,65,22,3.8,UA,1683610419
96,bowen,-20.0167,148.2333,21.91,33,0,5.13,AU,1683610419
97,nantucket,41.2835,-70.0995,13.08,70,0,5.14,US,1683610420
98,barra de santo antonio,-9.4047,-35.5072,24.6,88,92,1.57,BR,1683610420
99,holualoa,19.6228,-155.9522,22.1,93,24,2.24,US,1683610420
100,attnang-puchheim,48.0112,13.715,8.91,77,68,3.97,AT,1683610420
101,klyuchi,52.2667,79.1667,21.07,25,89,4.82,RU,1683610422
102,georgetown,5.4112,100.3354,33.97,59,20,3.09,MY,1683610148
103,ulladulla,-35.35,150.4667,18.2,56,49,4.42,AU,1683610422
104,hasaki,35.7333,140.8333,20.16,55,42,6.88,JP,1683610422
105,pindushi,62.9152,34.58,10.16,61,100,2.79,RU,1683610423
106,wanning,18.8003,110.3967,27.39,91,93,2.91,CN,1683610423
107,posse,-14.0931,-46.3694,21.98,52,87,1.06,BR,1683610423
108,kolonia,50.9333,6.95,16.03,86,20,4.12,DE,1683610423
109,juan griego,11.0817,-63.9655,26.07,100,62,7.72,VE,1683610424
110,al ghayzah,16.2079,52.176,29.54,46,9,2.69,YE,1683610424
111,east london,-33.0153,27.9116,14.52,94,0,2.57,ZA,1683610424
112,thompson,55.7435,-97.8558,9.09,66,75,1.03,CA,1683610424
113,boguchany,58.3814,97.4531,22.95,34,33,5.42,RU,1683610425
114,ust-nera,64.5667,143.2,2.62,58,96,2.96,RU,1683610425
115,touros,-5.1989,-35.4608,24.45,86,14,4.48,BR,1683609850
116,akureyri,65.6835,-18.0878,4.96,100,100,2.06,IS,1683610425
117,smithers,54.7804,-127.1743,12.18,47,0,4.63,CA,1683610425
118,wau,7.7029,27.9953,27.4,61,100,1.14,SS,1683610425
119,rongelap,11.1635,166.8941,27.2,83,100,8.06,MH,1683610426
120,susuman,62.7833,148.1667,3.71,79,100,0.78,RU,1683610426
121,tanah rata,4.475,101.3704,24.78,63,69,1.66,MY,1683610426
122,wanganui,-39.9333,175.05,18.11,74,100,3.58,NZ,1683610426
123,puerto ayora,-0.7393,-90.3518,26.42,96,78,0.89,EC,1683610427
124,tavda,58.0425,65.2726,6.66,31,0,3.19,RU,1683610427
125,murun-kuren,49.6342,100.1625,8.55,62,91,0.32,MN,1683610427
126,tateyama,34.9833,139.8667,16.84,54,38,7.2,JP,1683610427
127,kenai,60.5544,-151.2583,6.05,53,100,6.17,US,1683610427
128,bindki,26.0333,80.6,40.77,7,0,4.46,IN,1683610428
129,haiku-pauwela,20.9219,-156.3051,23.36,67,20,7.72,US,1683610428
130,nova vicosa,-17.8919,-39.3719,23.89,88,10,3.62,BR,1683610428
131,yumbel,-37.0833,-72.5667,8.89,59,100,1.79,CL,1683610428
132,belen,36.4891,36.2233,13.08,88,20,3.09,TR,1683610429
133,pinoso,38.4016,-1.042,15.0,57,51,1.12,ES,1683610429
134,nar'yan-mar,67.6713,53.087,0.51,93,88,6.0,RU,1683610429
135,anadyr,64.75,177.4833,-1.72,79,40,5.0,RU,1683610429
136,ancud,-41.8697,-73.8203,10.02,75,100,2.01,CL,1683610429
137,cabo san lucas,22.8909,-109.9124,24.23,59,6,6.2,MX,1683610263
138,saint augustine beach,29.8505,-81.2654,23.36,68,4,3.6,US,1683610294
139,hammerfest,70.6634,23.6821,2.25,100,75,2.06,NO,1683610430
140,timbuktu,16.7735,-3.0074,33.13,21,100,2.42,ML,1683610430
141,amacuzac,18.5833,-99.35,28.08,66,77,1.31,MX,1683610430
142,humaita,-7.5061,-63.0208,23.22,99,100,1.56,BR,1683610430
143,korla,41.7597,86.1469,17.59,26,0,1.95,CN,1683610431
144,yatou,37.15,122.3833,21.24,39,95,2.46,CN,1683610431
145,oranjemund,-28.55,16.4333,14.56,66,0,2.87,NA,1683610431
146,ola,59.5833,151.2833,10.08,73,45,1.05,RU,1683610431
147,hadibu,12.65,54.0333,29.46,64,95,2.28,YE,1683610432
148,revda,56.801,59.9303,6.97,33,2,2.22,RU,1683610432
149,santa rita,-7.1139,-34.9781,24.37,100,0,2.06,BR,1683610432
150,vidin,43.99,22.8725,8.47,95,100,3.93,BG,1683610432
151,suarez,2.954,-76.6964,19.9,95,100,0.91,CO,1683610432
152,labrador city,52.9463,-66.9114,-2.05,69,100,3.09,CA,1683610433
153,xinpu,34.5997,119.1594,24.94,19,56,4.17,CN,1683610433
154,timaru,-44.4,171.25,15.04,83,100,3.29,NZ,1683610433
155,korenevo,55.6719,38.0078,9.6,57,0,0.0,RU,1683610407
156,shuangyang,43.5242,125.6736,18.59,16,0,7.09,CN,1683610433
157,ballina,-28.8667,153.5667,20.56,64,0,3.18,AU,1683610433
158,genhe,50.7833,121.5167,13.03,23,97,6.2,CN,1683610434
159,varzea da palma,-17.5981,-44.7308,17.48,69,17,0.53,BR,1683610434
160,argo,37.6333,22.7333,18.21,64,100,1.86,GR,1683610434
161,bredasdorp,-34.5322,20.0403,12.39,93,39,1.44,ZA,1683610434
162,tazacorte,28.629,-17.9293,20.54,68,0,6.69,ES,1683610434
163,opuwo,-18.0607,13.84,19.85,37,2,2.76,NA,1683610435
164,monze,-16.2833,27.4833,17.73,53,0,3.12,ZM,1683610435
165,iskateley,67.6803,53.1512,0.44,93,88,5.9,RU,1683610435
166,mirabela,-16.2628,-44.1644,18.2,66,61,1.72,BR,1683610435
167,bereket,39.2446,55.5154,24.85,41,20,8.34,TM,1683610435
168,brcko,44.8728,18.8083,9.9,80,100,1.8,BA,1683610436
169,jamestown,42.097,-79.2353,11.8,78,0,2.57,US,1683610436
170,ilulissat,69.2167,-51.1,-1.99,93,100,2.57,GL,1683610436
171,port elizabeth,-33.918,25.5701,16.29,95,0,4.12,ZA,1683610436
172,port lincoln,-34.7333,135.8667,16.26,62,73,4.53,AU,1683610436
173,hami,42.8,93.45,20.0,16,48,5.49,CN,1683610437
174,isafjordur,66.0755,-23.124,4.91,97,100,2.44,IS,1683610437
175,grootfontein,-19.5667,18.1167,10.76,71,0,1.54,NA,1683610437
176,yinchuan,38.4681,106.2731,17.62,49,90,2.29,CN,1683610437
177,alderetes,-26.8167,-65.1333,13.95,82,0,4.12,AR,1683610437
178,tazovsky,67.4667,78.7,-9.31,83,83,8.45,RU,1683610438
179,muroto-misakicho,33.2833,134.15,17.57,65,47,4.13,JP,1683610438
180,neryungri,56.6709,124.6491,1.73,62,68,4.71,RU,1683610438
181,mulki,13.1,74.8,31.6,70,40,3.6,IN,1683610231
182,ngorongoro,-3.2397,35.4875,12.57,86,91,2.77,TZ,1683610438
183,kulebaki,55.4133,42.5325,9.6,44,7,1.42,RU,1683610439
184,baishishan,43.5833,127.5667,15.99,19,13,7.9,CN,1683610439
185,ormoz,46.4114,16.1544,9.68,71,100,2.0,SI,1683610439
186,vilyuchinsk,52.9306,158.4028,3.15,92,100,9.38,RU,1683610439
187,gbarnga,6.9956,-9.4722,22.02,97,100,1.0,LR,1683610439
188,afaahiti,-17.75,-149.2833,24.93,74,53,0.9,PF,1683610440
189,lorengau,-2.0226,147.2712,28.92,75,91,0.5,PG,1683610440
190,dudinka,69.4058,86.1778,-9.1,90,100,7.88,RU,1683610440
191,boca suno,-0.7167,-77.1333,21.36,99,89,0.68,EC,1683610440
192,baykalovo,57.3981,63.7684,7.25,32,1,3.71,RU,1683610441
193,ambon,-3.6954,128.1814,32.08,90,40,3.6,ID,1683610441
194,fort mcmurray,56.7268,-111.381,13.77,71,100,1.54,CA,1683610350
195,haciqabul,40.0408,48.9445,20.86,55,37,2.2,AZ,1683610441
196,port saint john's,-31.6229,29.5448,18.05,78,23,1.67,ZA,1683610442
197,utrik,11.2278,169.8474,26.48,86,100,7.35,MH,1683610442
198,oamaru,-45.0784,170.9801,14.65,83,100,4.07,NZ,1683610442
199,yellowknife,62.456,-114.3525,6.98,81,40,2.06,CA,1683610443
200,gillette,44.2911,-105.5022,11.08,61,0,0.0,US,1683610207
201,jolo,6.05,121.0167,30.33,69,98,3.74,PH,1683610443
202,strezhevoy,60.7333,77.5889,3.19,38,38,7.37,RU,1683610443
203,bardai,11.65,7.2333,26.23,40,21,1.59,NG,1683610444
204,kedrovyy,56.1667,91.8167,22.23,33,28,3.74,RU,1683610444
205,figuig (centre),32.1089,-1.2286,19.78,36,2,2.0,MA,1683610445
206,antigonish,45.6169,-61.9986,3.23,90,93,2.24,CA,1683610281
207,xam nua,20.4197,104.0439,25.3,85,92,0.9,LA,1683610445
208,tauranga,-37.6861,176.1667,19.8,97,100,2.24,NZ,1683610446
209,rio grande,-32.035,-52.0986,14.5,78,0,4.99,BR,1683610446
210,mizan teferi,6.9833,35.5833,20.38,77,41,1.19,ET,1683610446
211,nemuro,43.3236,145.575,7.54,81,6,9.69,JP,1683610446
212,weno,7.4515,151.8468,27.97,89,100,2.06,FM,1683610447
213,eyl,7.9803,49.8164,28.66,67,71,7.41,SO,1683610447
214,ar raqqah,35.95,39.0167,21.77,48,3,3.86,SY,1683610447
215,mhangura,-16.8939,30.1683,16.7,58,0,2.89,ZW,1683610448
216,goundi,9.3627,17.366,29.25,49,99,3.32,TD,1683610448
217,qui nhon,13.7667,109.2333,29.51,75,100,1.69,VN,1683610449
218,okhotsk,59.3833,143.3,4.82,71,23,3.92,RU,1683610449
219,new norfolk,-42.7826,147.0587,13.84,61,97,0.45,AU,1683610449
220,vadso,70.0744,29.7487,3.09,75,75,2.57,NO,1683610450
221,pariaman,-0.619,100.12,31.03,67,55,3.69,ID,1683610451
222,hithadhoo,-0.6,73.0833,28.4,71,69,5.86,MV,1683610451
223,yarmouth,41.7057,-70.2286,12.26,59,0,2.06,US,1683610451
224,mugia,43.1041,-9.2179,17.31,93,100,4.06,ES,1683610452
225,suomussalmi,64.8869,28.9078,3.8,94,100,2.33,FI,1683610452
226,qulsary,46.9531,54.0198,27.41,22,81,7.27,KZ,1683610452
227,polyarnyy,69.1989,33.4478,0.91,100,100,1.75,RU,1683610452
228,hobyo,5.3505,48.5268,31.08,50,31,8.91,SO,1683610453
229,alvaraes,-3.2208,-64.8042,23.61,98,100,0.81,BR,1683610453
230,beira,-19.8436,34.8389,21.05,100,40,2.57,MZ,1683610453
231,tadine,-21.55,167.8833,24.1,76,98,5.68,NC,1683610454
232,al khafji,28.4391,48.4913,31.93,39,100,3.35,SA,1683610454
233,luena,-11.7833,19.9167,15.4,60,2,1.44,AO,1683610454
234,mount isa,-20.7333,139.5,22.87,12,0,5.14,AU,1683610101
235,lebu,-37.6167,-73.65,11.85,78,100,9.27,CL,1683610455
236,sarangani,5.4033,125.4636,29.27,69,79,1.66,PH,1683610455
237,pollau,47.3,15.8333,9.25,81,100,1.58,AT,1683610456
238,bealanana,-14.55,48.7333,21.02,62,3,2.35,MG,1683610456
239,mogadishu,2.0371,45.3438,28.93,84,75,5.14,SO,1683610457
240,ploneour-lanvern,47.9,-4.2833,13.18,100,100,2.57,FR,1683610457
241,al hawatah,13.4167,34.6333,34.25,10,4,7.05,SD,1683610457
242,tsiombe,-25.3,45.4833,24.66,66,99,3.19,MG,1683610457
243,live oak,36.9836,-121.9805,13.41,81,0,1.54,US,1683610275
244,mercedes,-34.6515,-59.4307,9.32,79,1,2.63,AR,1683610458
245,swakopmund,-22.6833,14.5333,12.21,91,0,1.34,NA,1683610458
246,lihue,21.9789,-159.3672,26.58,81,40,7.72,US,1683610459
247,alice springs,-23.7,133.8833,17.75,24,0,7.2,AU,1683610234
248,kem',64.9555,34.5793,4.35,95,100,4.47,RU,1683610459
249,enoch,37.7733,-113.0244,11.75,31,0,3.09,US,1683610459
250,aliabad,41.4822,46.6353,18.79,68,40,2.06,AZ,1683610460
251,onega,63.9061,38.1404,5.53,82,100,3.81,RU,1683610460
252,ormara,25.2088,64.6357,31.03,54,0,5.27,PK,1683610460
253,york,40.1254,-77.0,15.87,77,100,1.41,US,1683610371
254,mariehamn,60.0973,19.9348,6.92,81,0,5.14,AX,1683610191
255,bolgatanga,10.7856,-0.8514,29.74,46,21,1.21,GH,1683610461
256,badger,64.8,-147.5333,12.14,34,40,4.63,US,1683610461
257,grand forks,47.9417,-97.4337,9.32,100,100,2.57,US,1683610441
258,selkirk,50.1436,-96.8845,11.08,93,99,2.24,CA,1683610462
259,hillsborough,37.5741,-122.3794,13.0,83,40,4.63,US,1683610462
260,fort st. john,56.2499,-120.8529,11.94,54,75,2.06,CA,1683610462
261,lerwick,60.1545,-1.1494,9.0,97,100,1.79,GB,1683610463
262,embrun,44.5639,6.4953,11.26,82,100,0.32,FR,1683610463
263,mil'kovo,55.6078,37.7956,10.23,49,7,1.11,RU,1683610464
264,mwingi,-0.9344,38.0601,21.21,76,86,3.99,KE,1683610464
265,atafu village,-8.5421,-172.5159,29.18,77,8,6.16,TK,1683610464
266,pelabuhanratu,-6.9875,106.5514,30.4,77,86,0.83,ID,1683610465
267,chibougamau,49.9168,-74.3659,-1.21,69,0,2.06,CA,1683610465
268,lesnoy,57.6198,63.0784,6.97,31,2,3.13,RU,1683610466
269,shenjiamen,29.9576,122.298,17.44,54,18,3.0,CN,1683610466
270,bengkulu,-3.8004,102.2655,29.28,65,100,2.45,ID,1683610466
271,druskininkai,54.0167,23.9667,5.25,44,1,1.76,LT,1683610466
272,igarka,67.4667,86.5833,-5.22,87,100,9.88,RU,1683610467
273,san patricio,28.017,-97.5169,26.58,93,67,4.54,US,1683610467
274,kerikeri,-35.2268,173.9474,18.84,97,98,3.13,NZ,1683610467
275,burlington,39.8835,-74.6413,17.13,76,75,3.09,US,1683610313
276,vila franca do campo,37.7167,-25.4333,17.23,94,93,1.85,PT,1683610468
277,bocana de paiwas,12.7857,-85.1227,22.15,78,86,1.33,NI,1683610468
278,kalmunai,7.4167,81.8167,26.15,82,100,2.05,LK,1683610469
279,east aurora,42.7678,-78.6134,9.94,82,99,0.23,US,1683610367
280,huayin,34.5675,110.0921,13.95,84,100,0.91,CN,1683610469
281,mejit,10.2753,170.8646,27.03,83,99,6.69,MH,1683610470
282,broken hill,-31.95,141.4333,16.26,44,5,7.39,AU,1683610265
283,metlili chaamba,32.2667,3.6333,16.52,39,0,1.54,DZ,1683610470
284,tura,25.5198,90.2201,36.36,19,48,3.14,IN,1683610471
285,midvagur,62.0511,-7.1939,8.46,100,100,2.06,FO,1683610471
286,kudahuvadhoo,2.6708,72.8944,28.44,76,62,5.4,MV,1683610471
287,yuzhno-kurilsk,44.0306,145.8556,8.81,67,24,6.06,RU,1683610471
288,dryden,49.7833,-92.7503,11.16,87,100,0.0,CA,1683610472
289,peace river,56.2501,-117.286,9.17,87,0,1.54,CA,1683610473
290,chabahar,25.2919,60.643,35.88,21,3,1.79,IR,1683610474
291,digne-les-bains,44.0833,6.25,14.92,78,99,0.52,FR,1683610474
292,bafoulabe,13.8065,-10.8321,30.3,36,100,1.99,ML,1683610474
293,kingston,17.997,-76.7936,27.53,84,20,3.09,JM,1683610475
294,bella union,-30.2752,-57.6007,11.25,79,0,2.64,UY,1683610475
295,plastun,44.7561,136.2939,12.79,38,89,4.39,RU,1683610475
296,dalnegorsk,44.5604,135.5701,10.57,37,87,6.41,RU,1683610475
297,morrelgonj,22.4537,89.8587,41.21,17,1,2.62,BD,1683610476
298,natal,-5.795,-35.2094,24.12,100,0,3.09,BR,1683610355
299,adjumani,3.3779,31.7909,22.05,86,94,1.16,UG,1683610476
300,launceston,-41.45,147.1667,16.8,44,75,6.17,AU,1683610476
301,wenling,28.3669,121.36,19.0,53,0,4.81,CN,1683610477
302,st. john's,47.5649,-52.7093,6.49,97,100,7.2,CA,1683610202
303,mandera,3.9366,41.867,28.72,58,20,8.21,KE,1683610477
304,geneina,13.45,22.45,28.61,15,76,5.0,SD,1683610477
305,baardheere,2.3446,42.2764,28.6,64,13,8.8,SO,1683610477
306,vernon,50.2581,-119.2691,13.34,79,84,1.03,CA,1683610300
307,port douglas,-16.4833,145.4667,23.24,68,97,3.63,AU,1683610478
308,kone,-21.0595,164.8658,23.42,73,86,2.82,NC,1683610478
309,chonchi,-42.6128,-73.8092,7.84,98,100,0.79,CL,1683610478
310,karratha,-20.7377,116.8463,28.77,28,0,8.23,AU,1683610478
311,paciran,-6.8767,112.3761,30.51,65,100,1.18,ID,1683610478
312,aitape,-3.1374,142.3475,29.31,74,92,1.76,PG,1683610479
313,tindouf,27.6711,-8.1474,28.25,15,0,2.06,DZ,1683610479
314,vallenar,-28.5708,-70.7581,16.01,46,2,0.08,CL,1683610479
315,illizi,26.4833,8.4667,22.89,50,97,3.34,DZ,1683610479
316,la'ie,21.6477,-157.9253,25.98,78,5,2.68,US,1683610480
317,petawawa,45.9001,-77.3328,4.21,70,35,1.64,CA,1683610480
318,hasparren,43.3838,-1.305,14.9,77,100,1.03,FR,1683610480
319,namibe,-15.1961,12.1522,22.82,77,33,1.33,AO,1683610480
320,kimberley,-28.7323,24.7623,5.83,100,0,1.03,ZA,1683610480
321,songling,31.1933,120.7176,23.97,26,9,1.94,CN,1683610481
322,quellon,-43.1167,-73.6167,9.14,93,100,0.0,CL,1683610395
323,monte argentario,42.4345,11.1195,12.89,83,23,2.01,IT,1683610481
324,mogocha,53.7333,119.7667,12.8,32,57,3.6,RU,1683610481
325,hun,29.1268,15.9477,26.31,20,2,6.51,LY,1683610481
326,nyurba,63.2842,118.3319,4.79,91,99,7.4,RU,1683610482
327,bonthe,7.5264,-12.505,24.09,88,100,5.02,SL,1683610482
328,okha,53.5739,142.9478,2.1,80,95,6.79,RU,1683610482
329,yerofey pavlovich,53.9667,121.9667,10.64,27,63,4.67,RU,1683610482
330,edd,13.9297,41.6925,31.47,60,12,1.22,ER,1683610482
331,axim,4.8699,-2.2405,24.55,90,45,0.9,GH,1683610483
332,syzran',53.1585,48.4681,8.68,46,100,6.71,RU,1683610483
333,altay,47.8667,88.1167,11.41,72,94,1.27,CN,1683610483
334,tubarjal,30.4999,38.216,21.02,40,34,6.07,SA,1683610483
335,amos,48.5669,-78.1162,1.22,78,12,1.94,CA,1683610466
336,turriff,57.5384,-2.4593,12.03,99,100,4.31,GB,1683610483
337,thunder bay,48.4001,-89.3168,3.99,87,0,2.06,CA,1683610484
338,namtsy,62.7161,129.6658,1.83,47,23,2.24,RU,1683610484
339,timbiqui,2.7717,-77.6654,27.04,85,100,3.43,CO,1683610484
340,barre,44.197,-72.5021,7.48,67,0,0.0,US,1683610484
341,mar del plata,-38.0023,-57.5575,12.27,91,0,2.57,AR,1683610484
342,el calafate,-50.3408,-72.2768,4.63,84,29,0.12,AR,1683610485
343,vuktyl,63.8567,57.3094,1.24,99,100,4.96,RU,1683610485
344,pacific grove,36.6177,-121.9166,12.23,85,20,2.06,US,1683610485
345,wynyard,-41.0,145.7167,13.88,68,97,3.27,AU,1683610485
346,deschutes river woods,43.9915,-121.3584,4.52,90,40,2.57,US,1683610485
347,chinde,26.8418,88.0763,27.82,29,1,4.03,NP,1683610486
348,yuanping,38.7153,112.7575,21.64,20,100,6.54,CN,1683610486
349,baswa,27.15,76.5833,37.65,6,0,4.63,IN,1683610486
350,fojnica,43.9625,17.8983,11.18,96,100,1.76,BA,1683610486
351,keelung,25.1283,121.7419,25.03,62,54,7.12,TW,1683610487
352,ilhabela,-23.7781,-45.3581,23.03,79,30,1.29,BR,1683610487
353,ar ruways,24.1103,52.7306,32.4,24,83,5.14,AE,1683610190
354,bridgewater,44.3835,-64.5155,3.82,85,30,3.6,CA,1683610487
355,al jawf,29.5,38.75,21.52,37,3,6.77,SA,1683610488
356,pathein,16.7833,94.7333,39.48,29,87,3.09,MM,1683610488
357,peel,-33.3167,149.6333,13.62,59,1,3.25,AU,1683610488
358,twon-brass,4.3151,6.2418,26.95,85,74,1.84,NG,1683610488
359,sinop,41.7711,34.8709,10.49,92,90,0.94,TR,1683610489
360,pavlovsk,50.4578,40.1081,8.65,56,100,6.23,RU,1683610489
361,solnechnyy,50.7214,136.6319,13.33,28,100,5.95,RU,1683610489
362,hamilton,39.1834,-84.5333,18.87,91,100,2.06,US,1683610369
363,olyokminsk,60.3736,120.4264,9.44,56,87,5.09,RU,1683610490
364,sinabang,2.4803,96.3801,28.45,72,96,1.91,ID,1683610490
365,mitchell,43.7094,-98.0298,15.62,66,0,4.12,US,1683610217
366,severo-yeniseyskiy,60.3725,93.0408,6.58,54,93,6.65,RU,1683610490
367,cidreira,-30.1811,-50.2056,14.29,90,84,2.84,BR,1683610490
368,juneau,58.3019,-134.4197,9.0,84,75,0.0,US,1683610382
369,gaiman,-43.2897,-65.4929,14.24,34,100,5.82,AR,1683610491
370,acapulco de juarez,16.8634,-99.8901,28.9,74,0,1.54,MX,1683610491
371,cockburn town,21.4612,-71.1419,26.67,78,3,8.3,TC,1683610369
372,carauari,-4.8828,-66.8958,23.06,100,100,1.27,BR,1683610491
373,maun,-19.9833,23.4167,16.98,59,0,2.57,BW,1683610492
374,thames,-37.1333,175.5333,18.11,97,100,4.41,NZ,1683610492
375,celestun,20.8667,-90.4,28.35,59,5,6.47,MX,1683610492
376,san andres,12.5847,-81.7006,28.01,78,20,3.6,CO,1683610312
377,pucallpa,-8.3791,-74.5539,21.05,99,46,0.86,PE,1683610492
378,sisimiut,66.9395,-53.6735,-1.35,83,100,5.27,GL,1683610493
379,newman,37.3138,-121.0208,15.72,50,100,1.34,US,1683610493
380,baglung,28.2719,83.5898,27.33,26,2,3.77,NP,1683610493
381,chatillon-sur-seine,47.8585,4.5738,11.59,92,100,2.21,FR,1683610493
382,lyuban',52.7985,28.0048,8.62,50,0,2.29,BY,1683610493
383,mount pearl,47.5166,-52.7813,6.03,96,100,7.2,CA,1683610199
384,sol'tsy,58.1239,30.3238,9.67,49,75,2.07,RU,1683610494
385,si racha,13.1737,100.9311,38.02,53,94,4.5,TH,1683610412
386,vrangel',42.7297,133.0839,10.94,52,63,4.73,RU,1683610494
387,chui,-33.6971,-53.4616,11.7,79,0,3.7,UY,1683610494
388,manadhoo,5.7667,73.3833,28.95,75,77,6.42,MV,1683610494
389,sandnessjoen,66.0217,12.6316,12.03,53,0,1.03,NO,1683610495
390,mersa matruh,31.3525,27.2453,16.11,82,40,1.54,EG,1683610495
391,novyy urengoy,66.0833,76.6333,-7.98,86,50,7.74,RU,1683610495
392,fortaleza,-3.7227,-38.5247,27.07,89,40,1.54,BR,1683610495
393,la passe,45.5549,-0.8967,14.99,94,100,6.75,FR,1683610496
394,pavlodar,52.3,76.95,21.89,23,0,4.0,KZ,1683610496
395,san antonio de pale,-1.4014,5.6325,28.0,80,77,4.99,GQ,1683610496
396,keflavik,64.0049,-22.5624,9.95,100,100,2.06,IS,1683610496
397,voorthuizen,52.1867,5.6056,14.4,95,100,3.6,NL,1683610496
398,isfahan,32.6572,51.6776,22.8,15,95,3.62,IR,1683610497
399,papao,-17.75,-149.55,25.82,74,56,0.93,PF,1683610497
400,juan de ayolas,-27.4,-56.9,13.26,91,100,2.1,PY,1683610497
401,labasa,-16.4167,179.3833,28.15,69,13,1.47,FJ,1683610497
402,san julian,21.0167,-102.1667,19.36,30,22,3.66,MX,1683610497
403,akjoujt,19.6969,-14.4164,25.63,22,1,4.7,MR,1683610498
404,nguigmi,14.2495,13.1092,28.62,19,100,3.09,NE,1683610498
405,sao gabriel da cachoeira,-0.1303,-67.0892,23.19,99,100,0.65,BR,1683610498
406,kibaya,-5.3,36.5667,18.02,74,89,2.53,TZ,1683610498
407,waddan,29.1614,16.139,26.13,20,1,6.33,LY,1683610498
408,nova sintra,14.8667,-24.7167,19.71,82,0,9.6,CV,1683610499
409,terbanggi besar,-4.8667,105.2333,28.68,75,89,1.0,ID,1683610499
410,liwale,-9.7667,37.9333,22.16,69,0,2.47,TZ,1683610499
411,lompoc,34.6391,-120.4579,12.66,87,100,6.26,US,1683610406
412,praia da vitoria,38.7333,-27.0667,15.98,100,20,0.72,PT,1683610499
413,majene,-3.5403,118.9707,26.16,88,100,2.26,ID,1683610500
414,cestos city,5.46,-9.5828,27.63,81,85,2.78,LR,1683610500
415,micheweni,-4.9667,39.8333,26.9,75,43,7.74,TZ,1683610500
416,tekkali,18.6167,84.2333,39.95,29,10,0.74,IN,1683610500
417,ulanhot,46.0833,122.0833,23.16,12,18,7.58,CN,1683610500
418,howard springs,-12.497,131.047,31.57,45,38,3.04,AU,1683610501
419,penzance,50.1186,-5.5371,12.38,95,100,5.15,GB,1683610501
420,shahrak,34.1074,64.3052,17.72,11,0,2.83,AF,1683610501
421,kaga bandoro,6.9896,19.1874,24.1,82,95,2.54,CF,1683610501
422,ljusdal,61.8288,16.0913,10.01,56,100,4.57,SE,1683610502
423,kailua-kona,19.6406,-155.9956,24.17,93,27,2.24,US,1683610502
424,sao joao da barra,-21.6403,-41.0511,23.88,81,77,5.08,BR,1683610502
425,anloga,5.7947,0.8973,28.1,77,96,3.34,GH,1683610502
426,gizo,-8.103,156.8419,28.61,77,85,3.53,SB,1683610503
427,gao,16.6362,1.637,30.33,26,95,2.96,ML,1683610503
428,mikun',62.3547,50.0771,7.51,65,100,4.39,RU,1683610503
429,dhuusamarreeb,5.535,46.3861,28.97,57,55,9.18,SO,1683610503
430,tionk essil,12.7856,-16.5217,25.03,61,76,1.83,SN,1683610504
431,ciudad de armeria,18.9333,-103.9667,24.04,82,21,1.39,MX,1683610504
432,gulf shores,30.246,-87.7008,23.65,76,0,0.0,US,1683610504
433,aksu,41.1231,80.2644,21.31,14,3,3.7,CN,1683610504
434,keren,15.7778,38.4581,26.75,29,2,1.08,ER,1683610505
435,bei'an,24.5399,109.533,18.8,91,100,0.86,CN,1683610505
436,nizhneangarsk,55.7833,109.55,12.99,57,12,3.2,RU,1683610505
437,galliano,29.4422,-90.2992,25.0,88,0,2.57,US,1683610505
438,puerto deseado,-47.7503,-65.8938,9.97,62,2,8.22,AR,1683610506
439,yagoua,10.3411,15.2329,32.31,34,89,2.63,CM,1683610506
440,baranchinskiy,58.1617,59.6991,6.71,33,0,2.87,RU,1683610506
441,kampene,-3.6,26.6667,21.99,95,100,0.72,CD,1683610507
442,jayapura,-2.5333,140.7,33.66,65,96,0.55,ID,1683610507
443,cuito,-12.3833,16.9333,14.52,65,21,1.07,AO,1683610507
444,waingapu,-9.6567,120.2641,28.8,71,100,8.05,ID,1683610507
445,chengde,40.9725,117.9361,25.38,16,88,4.26,CN,1683610507
446,puerto armuelles,8.2833,-82.8667,26.25,76,79,2.04,PA,1683610508
447,el granada,37.5027,-122.4694,13.34,84,40,4.63,US,1683610507
448,benghazi,32.1167,20.0667,21.62,43,92,11.56,LY,1683610508
449,chalatenango,14.0333,-88.9333,24.81,73,17,0.16,SV,1683610508
450,leava,-14.3,-178.1667,28.73,71,0,3.18,WF,1683610509
451,dzerzhinskoye,56.8344,95.2283,25.11,24,25,5.46,RU,1683610509
452,los frentones,-26.4077,-61.4137,13.66,90,50,1.06,AR,1683610509
453,callao,-12.0667,-77.15,21.51,78,75,4.12,PE,1683610509
454,mount gambier,-37.8333,140.7667,14.66,68,93,3.64,AU,1683610509
455,kalemie,-5.9475,29.1947,23.23,78,45,1.44,CD,1683610510
456,ponta delgada,37.7333,-25.6667,17.4,94,75,1.03,PT,1683610510
457,tabou,4.423,-7.3528,26.41,85,41,0.88,CI,1683610510
458,zhumysker,49.3333,49.4,7.64,51,100,8.69,KZ,1683610510
459,patigi,8.7333,5.75,27.32,71,68,1.37,NG,1683610511
460,gokceada,40.2011,25.909,14.68,77,75,3.6,TR,1683610511
461,castelli,-25.9468,-60.6195,13.75,94,88,1.24,AR,1683610316
462,minab,27.1467,57.0801,35.9,13,100,1.69,IR,1683610511
463,golhisar,37.1459,29.5088,16.03,55,83,0.58,TR,1683610512
464,egilsstadir,65.2653,-14.3948,4.95,100,100,0.0,IS,1683610512
465,punta cana,18.5818,-68.4043,26.87,83,40,2.57,DO,1683610485
466,alo,7.4178,6.7371,25.71,83,94,1.36,NG,1683610513
467,kotel'nich,58.3089,48.348,8.69,49,10,3.39,RU,1683610513
468,gornyy,55.1153,83.9059,16.2,31,100,3.52,RU,1683610513
469,puttalam,8.0362,79.8283,28.49,77,100,7.12,LK,1683610513
470,malanje,-9.5402,16.341,17.17,69,100,1.33,AO,1683610514
471,west valley,46.5921,-120.6051,11.85,72,100,1.34,US,1683610393
472,rhoose,51.3882,-3.3543,12.58,99,100,3.09,GB,1683610514
473,namdrik,5.5994,168.1028,25.64,90,100,6.71,MH,1683610514
474,datong,40.0936,113.2914,22.3,19,99,4.17,CN,1683610514
475,portland,45.5234,-122.6762,11.53,94,100,2.24,US,1683610357
476,yung shue wan,22.2333,114.1167,28.65,76,98,0.89,HK,1683610515
477,iquitos,-3.7481,-73.2472,22.02,100,75,1.03,PE,1683610482
478,totness,5.8833,-56.3167,24.73,93,93,4.78,SR,1683610515
479,serov,59.6033,60.5787,7.43,34,4,3.33,RU,1683610228
480,batticaloa,7.7102,81.6924,26.45,81,100,3.69,LK,1683610516
481,ust'-kulom,61.6864,53.6902,6.81,56,94,5.3,RU,1683610516
482,margate,51.3813,1.3862,13.26,94,100,2.24,GB,1683610516
483,vigan,17.5747,120.3869,31.45,64,39,4.53,PH,1683610517
484,umm kaddadah,13.6017,26.6876,29.8,13,62,8.97,SD,1683610517
485,nuuk,64.1835,-51.7216,-0.66,93,100,1.54,GL,1683610517
486,port-vila,-17.7338,168.3219,27.78,61,75,2.57,VU,1683610518
487,caluula,11.9661,50.7569,28.71,58,99,2.56,SO,1683610518
488,saldanha,-33.0117,17.9442,10.03,79,92,3.55,ZA,1683610518
489,belebey,54.1167,54.1167,7.29,42,66,5.4,RU,1683610518
490,gadzhiyevo,69.2551,33.3362,0.82,99,100,1.87,RU,1683610519
491,basiawan,6.5342,125.4869,32.26,64,97,2.18,PH,1683610519
492,takum,7.2667,9.9833,25.84,77,100,1.17,NG,1683610519
493,happy valley-goose bay,53.3168,-60.3315,1.17,64,100,4.63,CA,1683610519
494,port macquarie,-31.4333,152.9167,19.94,56,56,7.93,AU,1683610520
495,moree,-29.4667,149.85,18.81,30,0,5.36,AU,1683610520
496,grande prairie,55.1667,-118.8027,10.1,57,0,1.03,CA,1683610158
497,along,28.1667,94.7667,24.94,59,90,2.33,IN,1683610520
498,rabigh,22.7986,39.0349,29.46,25,21,6.45,SA,1683610521
499,serenje,-13.2325,30.2352,16.12,67,38,3.9,ZM,1683610454
500,hauterive,46.0901,3.4459,13.53,94,100,2.08,FR,1683610521
501,songea,-10.6833,35.65,19.03,67,5,0.49,TZ,1683610521
502,jatoba,-9.1831,-38.2689,19.43,97,3,2.03,BR,1683610521
503,hohhot,40.8106,111.6522,22.16,21,0,2.0,CN,1683610522
504,nadym,65.5333,72.5167,-3.6,81,34,4.05,RU,1683610522
505,bamboo flat,11.7,92.7167,30.25,73,99,8.04,IN,1683610522
506,sao caetano de odivelas,-0.75,-48.02,26.85,81,99,3.96,BR,1683610522
507,malango,-2.9627,119.9001,26.55,73,96,0.45,ID,1683610523
508,port augusta,-32.5,137.7667,17.8,50,1,6.96,AU,1683610523
509,ciudad lazaro cardenas,17.9583,-102.2,25.5,77,21,0.67,MX,1683610523
510,berdigestyakh,62.0989,126.6992,1.13,76,76,3.46,RU,1683610523
511,tashla,51.7716,52.7427,9.72,42,100,8.59,RU,1683610523
512,farafangana,-22.8167,47.8333,23.35,85,36,1.4,MG,1683610524
513,broome,42.2506,-75.833,9.33,71,90,0.62,US,1683610524
514,beni,0.5,29.4667,17.48,99,73,0.67,CD,1683610173
515,ribeira brava,32.65,-17.0667,20.62,56,5,4.68,PT,1683610524
516,mugumu,-1.85,34.7,17.9,91,100,2.01,TZ,1683610525
517,powell river,49.8496,-124.5361,15.15,71,91,1.15,CA,1683610249
518,vilyuysk,63.7553,121.6247,3.82,74,69,7.13,RU,1683610525
519,saarijarvi,62.7049,25.254,9.09,56,98,4.27,FI,1683610525
520,awjilah,29.1081,21.2869,23.6,24,3,7.24,LY,1683610526
521,lodwar,3.1191,35.5973,29.11,54,79,7.01,KE,1683610526
522,goure,13.9835,10.2704,27.48,9,85,2.15,NE,1683610526
523,kattivakkam,13.2167,80.3167,36.05,77,34,2.34,IN,1683610526
524,kushiro,42.975,144.3747,12.53,62,20,6.17,JP,1683610527
525,pont rouge,48.8833,-72.0825,2.16,61,15,2.95,CA,1683610527
526,westport,41.1415,-73.3579,16.42,49,0,3.6,US,1683610527
527,dakhla,23.6848,-15.958,17.93,95,4,6.46,EH,1683610527
528,remire-montjoly,4.9167,-52.2667,24.02,94,75,2.06,GF,1683610527
529,sindirgi,39.2413,28.1784,12.19,91,100,2.5,TR,1683610528
530,divinopolis,-20.1389,-44.8839,15.94,90,24,1.02,BR,1683610528
531,rajapur,25.3833,81.15,40.03,9,0,3.29,IN,1683610007
532,arbelaez,4.2725,-74.4151,16.45,87,69,2.67,CO,1683610529
533,baissa,7.2333,10.6333,25.44,76,98,0.36,NG,1683610529
534,beyneu,45.3167,55.2,27.14,21,95,8.91,KZ,1683610529
535,zhanaozen,43.3,52.8,20.64,43,93,3.14,KZ,1683610529
536,cururupu,-1.8283,-44.8683,23.02,98,69,0.54,BR,1683610529
537,kansk,56.2017,95.7175,26.22,19,7,5.39,RU,1683610530
538,dzhambeyty,50.2536,52.595,9.31,55,100,9.95,KZ,1683610530
539,popondetta,-8.7537,148.2534,25.04,96,99,0.85,PG,1683610530
540,goondiwindi,-28.55,150.3167,18.46,29,0,4.77,AU,1683610530
541,porto novo,6.4965,2.6036,26.9,81,99,1.5,BJ,1683610530
542,koz'modem'yansk,56.3367,46.5711,8.84,46,2,1.38,RU,1683610531
543,santa eularia des riu,38.9846,1.5341,17.72,82,0,2.06,ES,1683610531
544,ta`u,-14.2336,-169.5144,28.12,77,23,6.0,AS,1683610531
545,ginir,7.1333,40.7,19.9,69,93,1.79,ET,1683610531
546,mthatha,-31.5889,28.7844,7.31,100,40,1.54,ZA,1683610531
547,coahuayana de hidalgo,18.7,-103.6583,23.45,85,35,1.25,MX,1683610532
548,port blair,11.6667,92.75,30.44,72,98,7.78,IN,1683610532
549,chateau-du-loir,47.6949,0.4185,13.31,99,100,4.41,FR,1683610532
550,leirvik,59.7798,5.5005,10.48,84,100,5.74,NO,1683610532
551,malvan,16.0667,73.4667,28.75,76,100,3.62,IN,1683610532
552,luza,60.6308,47.2512,9.65,59,94,4.71,RU,1683610533
553,kargasok,59.0556,80.8572,7.72,34,83,5.69,RU,1683610533
554,webuye,0.6075,34.7697,20.46,75,69,2.64,KE,1683610533
555,weymouth,42.2209,-70.9398,11.58,67,0,1.34,US,1683610533
556,guozhen,34.3659,107.359,11.8,96,100,2.0,CN,1683610533
557,villa gesell,-37.2639,-56.973,9.47,91,55,6.0,AR,1683610534
558,puerto santa,-8.9906,-78.6456,21.98,90,49,3.64,PE,1683610534
559,isetskoye,56.4858,65.3226,7.94,31,0,3.32,RU,1683610534
560,katsuura,35.1333,140.3,20.01,58,51,8.15,JP,1683610534
561,pontiac,42.6389,-83.2911,12.08,63,100,2.57,US,1683610248
562,itoman,26.1247,127.6694,25.43,64,20,9.26,JP,1683610535
563,hastings,50.8552,0.5729,13.0,52,100,3.13,GB,1683610535
564,pangody,65.85,74.4859,-5.85,79,39,5.67,RU,1683610340
565,hurricane,37.1753,-113.2899,19.46,18,0,1.38,US,1683610487
566,nouadhibou,20.931,-17.0347,18.99,82,0,6.17,MR,1683610535
567,arraial do cabo,-22.9661,-42.0278,23.77,85,17,9.25,BR,1683610536
568,fengrun,39.8333,118.1167,26.89,19,100,6.46,CN,1683610536
569,ghat,24.9647,10.1728,24.03,20,99,5.93,LY,1683610536
570,zouerate,22.7187,-12.4521,21.5,54,16,2.79,MR,1683610536
571,kotlas,61.2611,46.6556,9.01,67,98,4.34,RU,1683610391
